isin,tradingsymbol,category,margin,leverage
INE117A01022,ABB,fo,23.28,4.3
INE208C01025,AEGISLOG,non_fo,37.32,2.68
INE885A01032,ARE&M,non_fo,30.79,3.25
INE032A01023,BOMDYEING,non_fo,36.89,2.71
INE100A01010,ATUL,non_fo,29.04,3.44
INE193E01025,BAJAJELEC,non_fo,30.27,3.3
INE306A01021,BAJAJHIND,non_fo,36.61,2.73
INE451A01017,FORCEMOT,non_fo,41.15,2.43
INE296A01032,BAJFINANCE,fo,21.03,4.76
INE119A01028,BALRAMCHIN,non_fo,31.59,3.17
INE213C01025,BANCOINDIA,non_fo,41.51,2.41
INE055A01016,ABREL,non_fo,34.63,2.89
INE459A01010,BANARISUG,non_categorized,50,2
INE373A01013,BASF,non_fo,32.56,3.07
INE176A01028,BATAINDIA,non_fo,27.55,3.63
INE258A01016,BEML,non_fo,38.22,2.62
INE263A01024,BEL,fo,23.52,4.25
INE922A01025,BEPL,non_fo,33.29,3
INE472A01039,BLUESTARCO,fo,25.17,3.97
INE486A01021,CESC,non_fo,31.42,3.18
INE085A01013,CHAMBLFERT,non_fo,33.01,3.03
INE302A01020,EXIDEIND,fo,22.6,4.42
INE059A01026,CIPLA,fo,20,5
INE007A01025,CRISIL,non_fo,30.62,3.27
INE067A01029,CGPOWER,fo,25.14,3.98
INE016A01026,DABUR,fo,20,5
INE495A01022,DALMIASUG,non_fo,34.21,2.92
INE034A01011,ARVIND,non_fo,34.11,2.93
INE257A01026,BHEL,fo,26.66,3.75
INE094A01015,HINDPETRO,fo,24.44,4.09
INE039A01010,IFCI,non_fo,40.7,2.46
INE153A01019,MTNL,non_fo,41.15,2.43
INE103A01014,MRPL,non_fo,36.03,2.78
INE178A01016,CHENNPETRO,non_fo,36.91,2.71
INE062A01020,SBIN,fo,20,5
INE114A01011,SAIL,fo,26.05,3.84
INE280A01028,TITAN,fo,20,5
INE008A01015,IDBI,non_fo,34.54,2.9
INE500A01029,DCW,non_fo,36.01,2.78
INE041A01016,DHAMPURSUG,non_fo,32.82,3.05
INE089A01031,DRREDDY,fo,20,5
INE126A01031,EIDPARRY,non_fo,31.48,3.18
INE199A01012,PGHL,non_fo,26.96,3.71
INE086A01029,ELECTCAST,non_fo,37.26,2.68
INE284A01012,ESABINDIA,non_fo,28.83,3.47
INE255A01020,EPL,non_fo,32.27,3.1
INE778B01029,ESTER,non_categorized,50,2
INE235A01022,FINCABLES,non_fo,32.96,3.03
INE516A01017,UFLEX,non_fo,31.72,3.15
INE519A01011,FOSECOIND,non_categorized,50,2
INE388A01029,GANESHBE,non_categorized,50,2
INE260B01028,GODFRYPHLP,non_categorized,50,2
INE233A01035,GODREJIND,non_fo,33.59,2.98
INE531A01024,KANSAINER,non_fo,26.81,3.73
INE539A01019,GHCL,non_fo,31.67,3.16
INE040A01034,HDFCBANK,fo,20,5
INE158A01026,HEROMOTOCO,fo,20.94,4.78
INE548A01028,HFCL,fo,29.4,3.4
INE019C01026,HSCL,non_fo,34.26,2.92
INE345A01011,HINDOILEXP,non_fo,33.32,3
INE415A01038,AGI,non_fo,37.18,2.69
INE267A01025,HINDZINC,fo,25.54,3.92
INE560A01023,INDIAGLYCO,non_fo,36.49,2.74
INE009A01021,INFY,fo,20.37,4.91
INE177A01018,INGERRAND,non_fo,30.29,3.3
INE570A01022,IONEXCHANG,non_fo,32.85,3.04
INE209A01019,SUNDROP,non_categorized,50,2
INE175A01038,JISLJALEQS,non_fo,38.78,2.58
INE025A01027,CONSOFINVT,non_categorized,50,2
INE197D01010,JINDALPOLY,non_fo,35.57,2.81
INE019A01038,JSWSTEEL,fo,20.41,4.9
INE217B01036,KAJARIACER,non_fo,29.2,3.42
INE907A01026,KSL,non_fo,34.84,2.87
INE716A01013,WHIRLPOOL,non_fo,32.63,3.06
INE732A01036,KIRLOSBROS,non_fo,38.55,2.59
INE250A01039,KIRLOSIND,non_fo,33.64,2.97
INE237A01028,KOTAKBANK,fo,20,5
INE999A01023,KSB,non_fo,30.25,3.31
INE337A01034,LGBBROSLTD,non_fo,29.57,3.38
INE849A01020,TRENT,fo,26.26,3.81
INE269B01029,LMW,non_fo,28.79,3.47
INE115A01026,LICHSGFIN,fo,22.31,4.48
INE326A01037,LUPIN,fo,21.41,4.67
INE331A01037,RAMCOCEM,non_fo,27.83,3.59
INE271B01025,MAHSEAMLES,non_fo,32.61,3.07
INE288A01013,MAHSCOOTER,non_fo,32.24,3.1
INE201A01024,MANALIPETC,non_fo,35.04,2.85
INE180A01020,MFSL,fo,20.74,4.82
INE083A01026,MOREPENLAB,non_fo,37.79,2.65
INE883A01011,MRF,non_fo,26.5,3.77
INE578A01017,HEIDELBERG,non_fo,27.42,3.65
INE868B01028,NCC,fo,27.08,3.69
INE205A01025,VEDL,fo,23.46,4.26
INE047A01021,GRASIM,fo,20,5
INE140A01024,PEL,non_fo,32.37,3.09
INE161A01038,NIITLTD,non_fo,38.34,2.61
INE213A01029,ONGC,fo,21.68,4.61
INE750A01020,ORIENTHOT,non_fo,35.27,2.84
INE002A01018,RELIANCE,fo,20,5
INE301A01014,RAYMOND,non_categorized,50,2
INE318A01026,PIDILITIND,fo,20,5
INE751B01018,PIXTRANS,non_fo,37.6,2.66
INE340A01012,BIRLACORPN,non_fo,32.17,3.11
INE335A01020,SURYAROSNI,non_fo,37.19,2.69
INE032B01021,PRIMESECU,non_categorized,50,2
INE010A01011,PRSMJOHNSN,non_fo,33.4,2.99
INE855B01025,RAIN,non_fo,31.74,3.15
INE613A01020,RALLIS,non_fo,34.06,2.94
INE619A01035,PATANJALI,fo,22.15,4.51
INE324A01032,JINDALSAW,non_fo,36.08,2.77
INE786A01032,JKLAKSHMI,non_fo,29.67,3.37
INE070A01015,SHREECEM,fo,20,5
INE245A01021,TATAPOWER,fo,21.7,4.61
INE937A01023,SPMLINFRA,non_categorized,50,2
INE387A01021,SUNDRMFAST,non_fo,27.52,3.63
INE947A01014,SUNFLAG,non_categorized,50,2
INE663A01033,SPLPETRO,non_fo,31.99,3.13
INE277A01016,SWARAJENG,non_fo,32.48,3.08
INE670A01012,TATAELXSI,fo,22.63,4.42
INE012A01025,ACC,non_fo,27.51,3.64
INE152A01029,THERMAX,non_fo,33,3.03
INE338A01024,TIRUMALCHM,non_fo,35.52,2.82
INE332A01027,THOMASCOOK,non_fo,37.81,2.64
INE685A01028,TORNTPHARM,fo,20,5
INE079A01024,AMBUJACEM,fo,22.14,4.52
INE038A01020,HINDALCO,fo,21.96,4.55
INE976A01021,WSTCSTPAPR,non_fo,32.97,3.03
INE179A01014,PGHH,non_fo,26.5,3.77
INE304A01026,MUKANDLTD,non_categorized,50,2
INE171A01029,FEDERALBNK,fo,20.11,4.97
INE081A01020,TATASTEEL,fo,22.01,4.54
INE640A01023,SKFINDIA,non_fo,27.8,3.6
INE208A01029,ASHOKLEY,fo,22.53,4.44
INE298A01020,CUMMINSIND,fo,22.63,4.42
INE151A01013,TATACOMM,non_fo,28.24,3.54
INE358A01014,ABBOTINDIA,non_fo,27.11,3.69
INE118A01012,BAJAJHLDNG,non_fo,30.92,3.23
INE465A01025,BHARATFORG,fo,23.44,4.27
INE042A01014,ESCORTS,non_fo,29.22,3.42
INE018A01030,LT,fo,20,5
INE101A01026,M&M,fo,22.2,4.5
INE323A01026,BOSCHLTD,fo,20.29,4.93
INE029A01011,BPCL,fo,21.81,4.59
INE003A01024,SIEMENS,fo,24.29,4.12
INE155A01022,TATAMOTORS,fo,22.36,4.47
INE226A01021,VOLTAS,fo,23.53,4.25
INE017A01032,GESHIP,non_fo,31.2,3.21
INE501A01019,DEEPAKFERT,non_fo,36.03,2.78
INE369A01029,EXCELINDUS,non_categorized,50,2
INE291A01017,GRWRHITECH,non_categorized,50,2
INE159A01016,GLAXO,non_fo,33.04,3.03
INE113A01013,GNFC,non_fo,30.45,3.28
INE058A01010,SANOFI,non_fo,26.5,3.77
INE182A01018,PFIZER,non_fo,28.46,3.51
INE026A01025,GSFC,non_fo,32.86,3.04
INE030A01027,HINDUNILVR,fo,20,5
INE133A01011,AKZOINDIA,non_fo,30.44,3.29
INE163A01018,NOCIL,non_fo,32.65,3.06
INE092A01019,TATACHEM,fo,21.95,4.56
INE217A01012,ZUARIIND,non_fo,38.8,2.58
INE239A01024,NESTLEIND,fo,20,5
INE192A01025,TATACONSUM,fo,20,5
INE021A01026,ASIANPAINT,fo,20,5
INE216A01030,BRITANNIA,fo,20,5
INE259A01022,COLPAL,fo,20.11,4.97
INE230A01023,EIHOTEL,non_fo,32.67,3.06
INE053A01029,INDHOTEL,fo,22.71,4.4
INE172A01027,CASTROLIND,non_fo,31.57,3.17
INE154A01025,ITC,fo,20,5
INE438A01022,APOLLOTYRE,non_fo,28.61,3.5
INE482A01020,CEATLTD,non_fo,32.06,3.12
INE183A01024,FINPIPE,non_fo,32.29,3.1
INE672A01018,TATAINVEST,non_fo,31.8,3.14
INE151G01028,SHAILY,non_categorized,50,2
INE050A01025,BBTC,non_fo,33.41,2.99
INE224A01026,GREAVESCOT,non_fo,37.87,2.64
INE229C01021,SAGCEM,non_fo,32.54,3.07
INE583C01021,DECCANCE,non_fo,35.28,2.83
INE347A01017,MANGLMCEM,non_fo,32.27,3.1
INE732C01016,NCLIND,non_fo,30.34,3.3
INE626A01014,SAURASHCEM,non_categorized,50,2
INE232A01011,SHREDIGCEM,non_fo,31.93,3.13
INE666D01022,BORORENEW,non_categorized,50,2
INE435A01051,ANDHRAPAP,non_categorized,50,2
INE787D01026,BALKRISIND,non_fo,28.58,3.5
INE592A01026,ORIENTPPR,non_fo,35.53,2.81
INE825A01020,VTL,non_fo,34.02,2.94
INE138A01028,PENINLAND,non_categorized,50,2
INE211B01039,PHOENIXLTD,fo,26.11,3.83
INE182D01020,MARATHON,non_fo,37,2.7
INE665A01038,SWANCORP,non_fo,39.09,2.56
INE647A01010,SRF,fo,21.44,4.66
INE076B01028,SIYSIL,non_categorized,50,2
INE464A01036,BBL,non_fo,37.94,2.64
INE835D01023,HIRECT,non_fo,43.19,2.32
INE520A01027,ZENSARTECH,non_fo,33.16,3.02
INE045B01015,NELCO,non_fo,36.91,2.71
INE279A01012,UNIVCABLES,non_fo,37.14,2.69
INE385C01021,SARDAEN,non_fo,37.07,2.7
INE323C01030,INDIANHUME,non_fo,37.95,2.64
INE149K01016,SANDUMA,non_fo,36.35,2.75
INE149A01033,CHOLAHLDNG,non_fo,33,3.03
INE449A01011,AUTOAXLES,non_fo,27.88,3.59
INE187D01029,TALBROAUTO,non_fo,36.91,2.71
INE294B01019,SMLISUZU,non_categorized,50,2
INE066A01021,EICHERMOT,fo,20.09,4.98
INE221B01012,DYNAMATECH,non_fo,32.91,3.04
INE541A01023,GMMPFAUDLR,non_fo,29.19,3.43
INE811A01020,KIRLPNU,non_fo,36.94,2.71
INE317F01035,NESCO,non_fo,30.65,3.26
INE435C01024,TEXINFRA,non_fo,36.66,2.73
INE274C01019,WENDT,non_fo,36.27,2.76
INE688D01026,RESPONIND,non_fo,33.45,2.99
INE966A01022,DOLATALGO,non_fo,38.41,2.6
INE274F01020,WESTLIFE,non_fo,30.59,3.27
INE256A01028,ZEEL,non_fo,37.18,2.69
INE205B01031,ELECON,non_fo,36.78,2.72
INE524A01029,GABRIEL,non_fo,38.62,2.59
INE559A01017,IFBIND,non_fo,38.44,2.6
INE529A01010,FMGOETZE,non_fo,32.19,3.11
INE513A01022,SCHAEFFLER,non_fo,29.77,3.36
INE384A01010,RANEHOLDIN,non_fo,32.96,3.03
INE603A01013,PRAKASH,non_fo,36.63,2.73
INE536A01023,GRINDWELL,non_fo,31.18,3.21
INE727B01026,GENESYS,non_fo,39.45,2.53
INE416D01022,BLISSGVS,non_fo,38.64,2.59
INE189B01011,STYRENIX,non_fo,31.29,3.2
INE426A01027,ALEMBICLTD,non_fo,33.31,3
INE737D01021,MODISONLTD,non_categorized,50,2
INE462A01022,BAYERCROP,non_fo,29.17,3.43
INE488A01050,CHEMPLASTS,non_fo,30.78,3.25
INE492A01029,HEUBACHIND,non_fo,29.9,3.34
INE169A01031,COROMANDEL,non_fo,31.19,3.21
INE288B01029,DEEPAKNTR,non_fo,29.94,3.34
INE505A01010,DMCC,non_categorized,50,2
INE077F01035,GOCLCORP,non_fo,36.14,2.77
INE602A01031,PCBL,non_fo,34.04,2.94
INE277B01014,PUNJABCHEM,non_categorized,50,2
INE659A01023,SUDARSCHEM,non_fo,33.92,2.95
INE351A01035,UNICHEMLAB,non_fo,33.88,2.95
INE150B01039,ALKYLAMINE,non_fo,31.03,3.22
INE203A01020,ASTRAZEN,non_fo,33.53,2.98
INE942C01045,GUJTHEM,non_fo,39.14,2.55
INE572A01036,JBCHEPHARM,non_fo,28.9,3.46
INE133E01013,TI,non_fo,39.79,2.51
INE075D01018,GMBREW,non_fo,32.51,3.08
INE480C01038,SDBL,non_fo,35.64,2.81
INE073G01016,ASALCBR,non_fo,37.93,2.64
INE075A01022,WIPRO,fo,20.85,4.8
INE435G01025,DHANUKA,non_fo,34.11,2.93
INE048B01035,JAGSNPHARM,non_fo,40.49,2.47
INE745B01028,KHAICHEM,non_categorized,50,2
INE322A01010,GILLETTE,non_fo,30.11,3.32
INE054A01027,VIPIND,non_fo,33.67,2.97
INE757A01017,COSMOFIRST,non_categorized,50,2
INE437A01024,APOLLOHOSP,fo,20,5
INE295A01018,EVERESTIND,non_categorized,50,2
INE060A01024,NAVNETEDUL,non_fo,30.35,3.29
INE742B01025,GUFICBIO,non_categorized,50,2
INE137I01015,GRPLTD,non_categorized,50,2
INE421C01016,TVSSRICHAK,non_fo,31,3.23
INE463A01038,BERGEPAINT,non_fo,27.59,3.62
INE371A01025,GRAPHITE,non_fo,34.33,2.91
INE686A01026,ITDCEM,non_fo,36.84,2.71
INE276A01018,GARFIBRES,non_fo,32.83,3.05
INE545A01024,HEG,non_fo,36.01,2.78
INE557A01011,BIRLANU,non_fo,29.36,3.41
INE575C01027,INTLCONV,non_categorized,50,2
INE275B01026,HUHTAMAKI,non_fo,32.77,3.05
INE195A01028,SUPREMEIND,fo,24.99,4
INE710A01016,VSTIND,non_fo,31.59,3.17
INE742C01031,JINDRILL,non_fo,37.98,2.63
INE477A01020,CANFINHOME,non_fo,29.16,3.43
INE721A01047,SHRIRAMFIN,fo,24.5,4.08
INE121A01024,CHOLAFIN,fo,23.61,4.24
INE051B01021,VAKRANGEE,non_categorized,50,2
INE903D01011,MONARCH,non_fo,34.57,2.89
INE420B01036,ARIHANTCAP,non_fo,40.48,2.47
INE583D01011,UGROCAP,non_fo,32.26,3.1
INE677D01037,MASTERTR,non_categorized,50,2
INE628A01036,UPL,fo,21.89,4.57
INE805D01034,SUNTECK,non_fo,33.23,3.01
INE070D01027,JAICORPLTD,non_categorized,50,2
INE281B01032,LLOYDSME,non_fo,33.36,3
INE080I01025,LLOYDSENT,non_fo,41.11,2.43
INE807F01027,SEQUENT,non_fo,37.06,2.7
INE871C01038,AVANTIFEED,non_fo,36.56,2.74
INE423A01024,ADANIENT,fo,27.59,3.62
INE725A01030,NAVA,non_fo,37.27,2.68
INE386D01027,SBCL,non_fo,34.15,2.93
INE524B01027,GANDHITUBE,non_categorized,50,2
INE730A01022,ORICONENT,non_categorized,50,2
INE932A01024,PENIND,non_fo,40.97,2.44
INE197A01024,JYOTISTRUC,non_fo,40.66,2.46
INE802C01033,SSWL,non_fo,31.8,3.14
INE993A01026,MANINDS,non_fo,39.34,2.54
INE298G01027,AJMERA,non_fo,37.02,2.7
INE120A01034,CARBORUNIV,non_fo,30.81,3.25
INE123F01029,MMTC,non_fo,38.31,2.61
INE124E01038,STEELCAS,non_categorized,50,2
INE450D01021,PITTIENG,non_fo,33.21,3.01
INE531E01026,HINDCOPPER,non_fo,36.18,2.76
INE589A01014,NLCINDIA,non_fo,34.64,2.89
INE049A01027,HIMATSEIDE,non_fo,37.82,2.64
INE192B01031,WELSPUNLIV,non_fo,36.46,2.74
INE845D01014,GANECOS,non_fo,34.37,2.91
INE439A01020,ASAHIINDIA,non_fo,32.05,3.12
INE242C01024,ANANTRAJ,non_fo,39.22,2.55
INE551D01018,PAKKA,non_categorized,50,2
INE570D01018,ARROWGREEN,non_categorized,50,2
INE270I01022,VISHNU,non_fo,34.79,2.87
INE045A01017,ADOR,non_fo,31.48,3.18
INE457F01013,SALZERELEC,non_fo,39.29,2.55
INE228A01035,USHAMART,non_fo,33.3,3
INE287B01021,SUBROS,non_fo,37.26,2.68
INE671A01010,HONAUT,non_fo,27.77,3.6
INE162B01018,LUMAXIND,non_fo,33.1,3.02
INE292B01021,HBLENGINE,non_fo,38.33,2.61
INE162A01010,GIPCL,non_fo,35.18,2.84
INE775A01035,MOTHERSON,fo,24.51,4.08
INE176B01034,HAVELLS,fo,20.12,4.97
INE188B01013,IGARASHI,non_fo,37.38,2.68
INE225D01027,SYMPHONY,non_fo,31.24,3.2
INE295F01017,BUTTERFLY,non_categorized,50,2
INE855C01015,WEBELSOLAR,non_fo,40.64,2.46
INE535D01037,ROTO,non_fo,36.16,2.77
INE690A01028,TTKPRESTIG,non_fo,27.79,3.6
INE451D01029,RAJRATAN,non_categorized,50,2
INE320B01020,CENTUM,non_fo,42.02,2.38
INE878B01027,KEI,fo,27.5,3.64
INE488B01017,TASTYBITE,non_fo,32.08,3.12
INE254N01026,HNDFDS,non_fo,29.27,3.42
INE694D01016,VADILALIND,non_fo,37.76,2.65
INE982B01027,ADFFOODS,non_fo,37.35,2.68
INE978A01027,HERITGFOOD,non_fo,33.38,3
INE421D01022,CCL,non_fo,32.99,3.03
INE164B01030,KELLTONTEC,non_fo,41.33,2.42
INE209B01025,RICOAUTO,non_fo,39.23,2.55
INE039C01032,JAMNAAUTO,non_fo,31.75,3.15
INE105A01035,TVSHLTD,non_fo,32.98,3.03
INE643A01035,JTEKTINDIA,non_fo,35.56,2.81
INE672B01032,MUNJALAU,non_categorized,50,2
INE703B01027,RATNAMANI,non_fo,28.51,3.51
INE386A01023,VESUVIUS,non_fo,33.05,3.03
INE757B01015,TRANSWORLD,non_categorized,50,2
INE483B01026,ICIL,non_fo,40.31,2.48
INE064C01022,TRIDENT,non_fo,31.76,3.15
INE270A01029,ALOKINDS,non_fo,36.43,2.74
INE602G01020,KITEX,non_categorized,50,2
INE052A01021,WINDMACHIN,non_categorized,50,2
INE631A01022,SHANTIGEAR,non_fo,33.45,2.99
INE634A01018,HONDAPOWER,non_fo,34.69,2.88
INE285A01027,ELGIEQUIP,non_fo,34.15,2.93
INE325A01013,TIMKEN,non_fo,31.23,3.2
INE989C01038,DIACABS,non_categorized,50,2
INE074A01025,PRAJIND,non_fo,33.1,3.02
INE461D01028,HLEGLAS,non_fo,38.38,2.61
INE227C01017,MMFL,non_fo,32.42,3.08
INE040D01038,MAYURUNIQ,non_fo,31.3,3.19
INE535F01024,RAJOOENG,non_categorized,50,2
INE200A01026,GVT&D,non_categorized,50,2
INE207E01023,RAMRAT,non_fo,35.41,2.82
INE854B01010,JAYNECOIND,non_categorized,50,2
INE220B01022,KPIL,non_fo,32.57,3.07
INE663B01015,CONTROLPR,non_fo,31.7,3.15
INE985A01022,SINCLAIR,non_categorized,50,2
INE429E01023,SAFARI,non_fo,30.71,3.26
INE276C01014,EIHAHOTELS,non_categorized,50,2
INE760A01029,KOKUYOCMLN,non_categorized,50,2
INE398A01010,VENKEYS,non_fo,29.76,3.36
INE822C01015,TCPLPACK,non_fo,34.78,2.88
INE164A01016,BALMLAWRIE,non_fo,32.49,3.08
INE668G01021,ELDEHSG,non_categorized,50,2
INE499A01024,DCMSHRIRAM,non_fo,32.5,3.08
INE843D01027,DCMSRIND,non_fo,32.7,3.06
INE310A01015,NILKAMAL,non_categorized,50,2
INE470A01017,3MINDIA,non_fo,27.35,3.66
INE782A01015,JCHAC,non_fo,31.59,3.17
INE780C01023,JMFINANCIL,non_fo,37.48,2.67
INE046A01015,RIIL,non_fo,33.48,2.99
INE473A01011,LINDEINDIA,non_fo,31.67,3.16
INE372C01037,PRECWIRE,non_fo,36.29,2.76
INE962Y01021,IRCON,non_fo,38.17,2.62
INE109A01011,SCI,non_fo,37.07,2.7
INE248A01017,ITI,non_categorized,50,2
INE506A01018,DREDGECORP,non_fo,37.19,2.69
INE870D01012,NFL,non_fo,35.25,2.84
INE603J01030,PIIND,fo,20.71,4.83
INE116A01032,APCOTEXIND,non_categorized,50,2
INE759A01021,MASTEK,non_fo,33.47,2.99
INE158B01016,EIMCOELECO,non_categorized,50,2
INE365D01021,ASHIANA,non_fo,33.75,2.96
INE885E01042,MAZDA,non_categorized,50,2
INE059B01024,SIMPLEXINF,non_categorized,50,2
INE511C01022,POONAWALLA,non_fo,32.33,3.09
INE633B01018,POLYPLEX,non_fo,32.38,3.09
INE482D01024,CARYSIL,non_fo,37.68,2.65
INE485C01029,IOLCP,non_fo,36.82,2.72
INE410B01037,VINATIORGA,non_fo,28.33,3.53
INE769A01020,AARTIIND,non_fo,31.89,3.14
INE107F01022,WANBURY,non_categorized,50,2
INE036B01030,GAEL,non_fo,32.72,3.06
INE027A01015,RCF,non_fo,35.15,2.84
INE082A01010,KOPRAN,non_categorized,50,2
INE412G01024,BCLIND,non_fo,34.64,2.89
INE767A01016,AARTIDRUGS,non_fo,33.83,2.96
INE338D01028,BODALCHEM,non_fo,33.82,2.96
INE191A01027,ORCHPHARMA,non_categorized,50,2
INE579C01029,VIMTALABS,non_fo,45.3,2.21
INE750C01026,MARKSANS,non_fo,37.39,2.67
INE571A01038,IPCALAB,non_fo,29.69,3.37
INE794A01010,NEULANDLAB,non_fo,39.93,2.5
INE760F01028,INDOAMIN,non_fo,39.3,2.54
INE035D01020,SOTL,non_fo,32.39,3.09
INE782E01017,HESTERBIO,non_categorized,50,2
INE044A01036,SUNPHARMA,fo,20,5
INE475B01022,HIKAL,non_fo,33.48,2.99
INE475E01026,CAPLIPOINT,non_fo,34.86,2.87
INE771F01041,FISCHER,non_fo,35.34,2.83
INE406A01037,AUROPHARMA,fo,22.16,4.51
INE987B01026,NATCOPHARM,non_fo,33.08,3.02
INE305C01029,PANAMAPET,non_fo,32.18,3.11
INE816B01035,FILATEX,non_fo,35.71,2.8
INE863B01029,PREMEXPLN,non_fo,44.82,2.23
INE356A01018,MPHASIS,fo,23.26,4.3
INE460C01014,GANESHHOU,non_fo,36.51,2.74
INE584A01023,NMDC,fo,24.05,4.16
INE233B01017,BLUEDART,non_fo,29.66,3.37
INE305A01015,TFCILTD,non_fo,37.32,2.68
INE967C01018,KAMATHOTEL,non_fo,38.19,2.62
INE025B01025,GOLDIAM,non_fo,42.6,2.35
INE461C01038,GREENPLY,non_fo,34.07,2.94
INE497B01018,SEAMECLTD,non_fo,33.12,3.02
INE552D01024,CONFIPET,non_fo,35.14,2.85
INE111B01023,63MOONS,non_categorized,50,2
INE453D01025,SARLAPOLY,non_categorized,50,2
INE059D01020,LAOPALA,non_fo,32.4,3.09
INE239C01020,STYLAMIND,non_fo,34.57,2.89
INE550C01020,URJA,non_categorized,50,2
INE348A01023,ASHAPURMIN,non_categorized,50,2
INE186A01019,GUJALKALI,non_fo,31.43,3.18
INE383A01012,INDIACEM,non_fo,33.49,2.99
INE573A01042,JKTYRE,non_fo,32.28,3.1
INE558B01017,MANGCHEFER,non_fo,34.9,2.87
INE700A01033,JUBLPHARMA,non_fo,34.19,2.92
INE989A01032,SANGHVIMOV,non_fo,40.68,2.46
INE818A01017,SELAN,non_fo,38.5,2.6
INE963C01033,FAZE3Q,non_categorized,50,2
INE959A01019,PRIVISCL,non_fo,34.38,2.91
INE350C01017,OPTIEMUS,non_categorized,50,2
INE546C01010,PICCADIL,non_fo,39.53,2.53
INE955D01029,GENUSPOWER,non_fo,36.51,2.74
INE276G01015,ASIANENE,non_fo,41.3,2.42
INE349A01021,NRBBEARING,non_fo,33.19,3.01
INE015C01016,TINNARUBR,non_fo,37.35,2.68
INE131B01039,RELAXO,non_fo,29.65,3.37
INE074B01023,PARACABLES,non_fo,37.93,2.64
INE127I01024,GOODLUCK,non_fo,39.33,2.54
INE334A01023,STERTOOLS,non_fo,37.77,2.65
INE354C01027,BHAGERIA,non_categorized,50,2
INE001B01026,KRBL,non_fo,33.58,2.98
INE509F01029,CUPID,non_fo,35.94,2.78
INE242A01010,IOC,fo,21.31,4.69
INE050E01027,BALAMINES,non_fo,33.14,3.02
INE239D01028,OMINFRAL,non_categorized,50,2
INE244B01030,PATELENG,non_fo,34.16,2.93
INE548C01032,EMAMILTD,non_fo,31.26,3.2
INE109C01017,ARMANFIN,non_fo,35.76,2.8
INE096B01018,NUCLEUS,non_fo,36.38,2.75
INE522D01027,MANAPPURAM,fo,25.57,3.91
INE764D01017,VSTTILLERS,non_fo,32.55,3.07
INE768C01010,ZYDUSWELL,non_fo,29.3,3.41
INE111A01025,CONCOR,fo,23.03,4.34
INE922B01023,PANACEABIO,non_categorized,50,2
INE102B01014,CHOICEIN,non_fo,28.76,3.48
INE107A01015,TNPL,non_fo,33.45,2.99
INE908D01010,SHAKTIPUMP,non_categorized,50,2
INE192H01020,GRMOVER,non_fo,36.27,2.76
INE343B01030,RAJESHEXPO,non_fo,34.67,2.88
INE128A01029,EVEREADY,non_fo,32.68,3.06
INE473B01035,HATSUN,non_fo,30.39,3.29
INE247D01039,JINDWORLD,non_fo,39.76,2.52
INE355A01028,SOMANYCERA,non_fo,32.88,3.04
INE180C01042,CGCL,non_fo,37,2.7
INE258B01022,FDC,non_fo,28.83,3.47
INE405C01035,LINCOLN,non_fo,34.67,2.88
INE713C01016,SURAJLTD,non_categorized,50,2
INE196A01026,MARICO,fo,20,5
INE414D01027,BHAGCHEM,non_fo,33.62,2.97
INE126J01016,APOLLOPIPE,non_fo,33.63,2.97
INE205C01021,POLYMED,non_fo,33.77,2.96
INE951D01028,ATULAUTO,non_fo,36.59,2.73
INE204E01012,AGARIND,non_fo,35,2.86
INE540G01014,AMBIKCO,non_fo,30.32,3.3
INE325D01025,SINDHUTRAD,non_categorized,50,2
INE409B01013,SWELECTES,non_categorized,50,2
INE291D01011,KDDL,non_fo,37.23,2.69
INE093A01041,HEXT,non_fo,28.39,3.52
INE028A01039,BANKBARODA,fo,22.51,4.44
INE191B01025,WELCORP,non_fo,33.81,2.96
INE084A01016,BANKINDIA,fo,23.94,4.18
INE681B01017,INDRAMEDCO,non_fo,37.06,2.7
INE129A01019,GAIL,fo,23.07,4.33
INE884A01027,VAIBHAVGBL,non_fo,34.51,2.9
INE789E01012,JKPAPER,non_fo,34.46,2.9
INE979A01025,SAREGAMA,non_fo,33.4,2.99
INE090A01021,ICICIBANK,fo,20,5
INE136B01020,CYIENT,fo,25.71,3.89
INE510A01028,ENGINERSIN,non_fo,35.71,2.8
INE680A01011,DHANBANK,non_categorized,50,2
INE131A01031,GMDCLTD,non_fo,39.1,2.56
INE095A01012,INDUSINDBK,fo,27.15,3.68
INE353K01014,ITDC,non_fo,39.24,2.55
INE168A01041,J&KBANK,non_fo,33.59,2.98
INE491A01021,CUB,non_fo,29.7,3.37
INE238A01034,AXISBANK,fo,20,5
INE683A01023,SOUTHBANK,non_fo,30.62,3.27
INE269A01021,SONATSOFTW,non_fo,36.59,2.73
INE139A01034,NATIONALUM,fo,27.14,3.68
INE092B01025,INDNIPPON,non_fo,31.46,3.18
INE023A01030,NSIL,non_fo,36.02,2.78
INE372A01015,APARINDS,non_fo,37.51,2.67
INE793A01012,ACCELYA,non_fo,28.72,3.48
INE860A01027,HCLTECH,fo,20.28,4.93
INE007B01023,GEOJITFSL,non_fo,37.7,2.65
INE749A01030,JINDALSTEL,fo,22.77,4.39
INE935A01035,GLENMARK,fo,23.65,4.23
INE049B01025,WOCKPHARMA,non_categorized,50,2
INE878A01011,GVPIL,non_fo,41.74,2.4
INE813A01018,MAHLIFE,non_fo,30.79,3.25
INE010B01027,ZYDUSLIFE,fo,20.4,4.9
INE031B01049,AJANTPHARM,non_fo,30.68,3.26
INE494B01023,TVSMOTOR,fo,21.27,4.7
INE688A01022,TCI,non_fo,30.02,3.33
INE256C01024,TRIVENI,non_fo,33.02,3.03
INE417B01040,DSSL,non_fo,37.56,2.66
INE859A01011,PNBGILTS,non_fo,34.45,2.9
INE614A01028,RAMCOIND,non_fo,31.56,3.17
INE089C01029,STLTECH,non_categorized,50,2
INE716B01029,TIPSMUSIC,non_fo,33.31,3
INE565A01014,IOB,non_fo,34.62,2.89
INE586B01026,TAJGVK,non_fo,37.69,2.65
INE836A01035,BSOFT,non_fo,31.04,3.22
INE005B01027,AVANTEL,non_fo,37.03,2.7
INE935B01025,MOSCHIP,non_fo,42.42,2.36
INE102D01028,GODREJCP,fo,20.57,4.86
INE243D01012,BFUTILITIE,non_fo,38.77,2.58
INE854D01024,UNITDSPR,fo,20,5
INE260D01016,OLECTRA,non_fo,36.35,2.75
INE943D01017,MPSLTD,non_fo,38.85,2.57
INE739E01017,CERA,non_fo,30.43,3.29
INE397D01024,BHARTIARTL,fo,20,5
INE255D01024,GULPOLY,non_fo,36.54,2.74
INE160A01022,PNB,fo,23.02,4.34
INE881D01027,OFSS,fo,24.79,4.03
INE266F01018,APTECHT,non_categorized,50,2
INE692A01016,UNIONBANK,fo,25.2,3.97
INE686F01025,UBL,non_fo,26.5,3.77
INE101D01020,GRANULES,non_fo,32.59,3.07
INE476A01022,CANBK,fo,23.16,4.32
INE637C01025,POKARNA,non_categorized,50,2
INE361B01024,DIVISLAB,fo,20.91,4.78
INE386C01029,ASTRAMICRO,non_fo,34.84,2.87
INE944F01028,RADICO,non_fo,30.31,3.3
INE585B01010,MARUTI,fo,20,5
INE048G01026,NAVINFLUOR,non_fo,29.32,3.41
INE691A01018,UCOBANK,non_fo,33.95,2.95
INE220G01021,JSL,non_fo,32.51,3.08
INE399C01030,SUPRAJIT,non_fo,30.72,3.26
INE203G01027,IGL,fo,25.03,4
INE347G01014,PETRONET,fo,21.57,4.64
INE376G01013,BIOCON,fo,23.92,4.18
INE877F01012,PTC,non_fo,32.93,3.04
INE457A01014,MAHABANK,non_fo,32.07,3.12
INE399G01023,RKFORGE,non_fo,33.18,3.01
INE365B01017,DATAMATICS,non_fo,39.13,2.56
INE939A01011,STAR,non_fo,36.44,2.74
INE481G01011,ULTRACEMCO,fo,20,5
INE405E01023,UNOMINDA,fo,24.85,4.02
INE467B01029,TCS,fo,20,5
INE591G01025,COFORGE,fo,25.14,3.98
INE348B01021,CENTURYPLY,non_fo,29.82,3.35
INE625G01013,WELENT,non_fo,33.79,2.96
INE733E01010,NTPC,fo,20.32,4.92
INE927D01051,JBMA,non_fo,37.51,2.67
INE366A01041,DWARKESH,non_fo,33.78,2.96
INE873D01024,INDOCO,non_categorized,50,2
INE063E01053,POCL,non_fo,44.17,2.26
INE351F01018,JPPOWER,non_fo,39.22,2.55
INE887G01027,GOKEX,non_fo,36.6,2.73
INE530B01024,IIFL,fo,28.9,3.46
INE498B01024,SHOPERSTOP,non_fo,31.44,3.18
INE823G01014,JKCEMENT,non_fo,28.5,3.51
INE528G01035,YESBANK,fo,24.82,4.03
INE752G01015,MSPL,non_categorized,50,2
INE614B01018,KTKBANK,non_fo,29.18,3.43
INE050H01012,RML,non_categorized,50,2
INE231F01020,SASKEN,non_fo,34.85,2.87
INE040H01021,SUZLON,fo,28.49,3.51
INE132H01018,AURIONPRO,non_fo,38.19,2.62
INE087H01022,RENUKA,non_fo,33.66,2.97
INE212H01026,AIAENG,non_fo,26.6,3.76
INE184H01027,EKC,non_fo,38.04,2.63
INE191H01014,PVRINOX,non_fo,29.9,3.34
INE229H01012,NITINSPIN,non_fo,33.24,3.01
INE283H01019,ROHLTD,non_fo,36.23,2.76
INE246F01010,GSPL,non_fo,29.86,3.35
INE389H01022,KEC,non_fo,34.49,2.9
INE332H01014,INDOTECH,non_fo,40.75,2.45
INE350H01032,BLKASHYAP,non_fo,37.09,2.7
INE774D01024,M&MFIN,non_fo,29.23,3.42
INE858F01012,NITCO,non_categorized,50,2
INE343H01029,SOLARINDS,fo,24.7,4.05
INE297H01019,GALLANTT,non_fo,38.44,2.6
INE786F01031,UTTAMSUGAR,non_categorized,50,2
INE401H01017,KKCL,non_fo,30.45,3.28
INE424H01027,SUNTV,non_fo,27.98,3.57
INE177H01039,GPIL,non_fo,34.26,2.92
INE411H01032,RSYSTEMS,non_fo,33.85,2.95
INE390H01020,KAMDHENU,non_fo,37.71,2.65
INE367G01038,PFOCUS,non_categorized,50,2
INE418H01029,ALLCARGO,non_fo,33.48,2.99
INE776C01039,GMRAIRPORT,fo,23.07,4.33
INE669C01036,TECHM,fo,20.55,4.87
INE536H01010,CIEINDIA,non_fo,28.28,3.54
INE540H01012,VOLTAMP,non_fo,37.59,2.66
INE731H01025,ACE,non_fo,35.42,2.82
INE737H01014,FIEMIND,non_fo,32.46,3.08
INE503A01015,DCBBANK,non_fo,29.79,3.36
INE663F01032,NAUKRI,fo,23.54,4.25
INE813H01021,TORNTPOWER,fo,25.16,3.97
INE818H01020,LTFOODS,non_fo,35.44,2.82
INE671H01015,SOBHA,non_fo,34.46,2.9
INE483C01032,TANLA,non_fo,35.48,2.82
INE966H01019,ZEEMEDIA,non_fo,39.87,2.51
INE872H01027,LUMAXTECH,non_fo,38.42,2.6
INE870H01013,NETWORK18,non_fo,37,2.7
INE703H01016,HUBTOWN,non_categorized,50,2
INE545H01011,TIIL,non_fo,36.4,2.75
INE891D01026,REDINGTON,non_fo,34.89,2.87
INE940H01022,PGIL,non_fo,42.13,2.37
INE684F01012,FSL,non_fo,34.45,2.9
INE134E01011,PFC,fo,26.03,3.84
INE758C01029,AHLUCONT,non_fo,32.66,3.06
INE562A01011,INDIANB,fo,23.58,4.24
INE812G01025,SMSPHARMA,non_fo,37.46,2.67
INE669E01016,IDEA,fo,33.9,2.95
INE761H01022,PAGEIND,fo,20.22,4.95
INE006I01046,ASTRAL,fo,21.89,4.57
INE069I01010,EMBDL,non_fo,38.66,2.59
INE725G01011,ICRA,non_fo,27.99,3.57
INE836F01026,DISHTV,non_categorized,50,2
INE917H01012,SRHHYPOLTD,non_categorized,50,2
INE061F01013,FORTIS,fo,22.6,4.42
INE124G01033,DELTACORP,non_fo,33.93,2.95
INE287C01037,MICEL,non_categorized,50,2
INE070I01018,INSECTICID,non_fo,34.06,2.94
INE508G01029,TIMETECHNO,non_fo,36.98,2.7
INE170I01016,HGS,non_fo,30.96,3.23
INE945H01013,V2RETAIL,non_categorized,50,2
INE271C01023,DLF,fo,23.2,4.31
INE232I01014,SPARC,non_fo,36.76,2.72
INE102I01027,ADSL,non_fo,38.73,2.58
INE800H01010,OMAXE,non_categorized,50,2
INE056I01025,REFEX,non_categorized,50,2
INE483A01010,CENTRALBK,non_fo,33.98,2.94
INE930H01031,KPRMILL,non_fo,32.88,3.04
INE323I01011,PURVA,non_categorized,50,2
INE338I01027,MOTILALOFS,non_fo,37.03,2.7
INE752E01010,POWERGRID,fo,20.41,4.9
INE455I01029,KSCL,non_fo,34.78,2.88
INE420C01059,PAISALO,non_fo,37.57,2.66
INE621H01010,RELIGARE,non_fo,33.45,2.99
INE742F01042,ADANIPORTS,fo,24.17,4.14
INE532F01054,EDELWEISS,non_fo,38.3,2.61
INE722H01024,RGL,non_fo,37.91,2.64
INE036D01028,KARURVYSYA,non_fo,29.99,3.33
INE484C01030,VEEDOL,non_fo,30.05,3.33
INE098F01031,AMRUTANJAN,non_fo,29.54,3.39
INE445C01015,XPROINDIA,non_fo,35.19,2.84
INE838B01013,BHARATRAS,non_fo,34.64,2.89
INE188A01015,FACT,non_fo,39.1,2.56
INE147A01011,SPIC,non_fo,37.06,2.7
INE251B01027,ZENTEC,non_categorized,50,2
INE503B01021,STEELXIND,non_categorized,50,2
INE865C01022,BIRLAMONEY,non_categorized,50,2
INE667G01023,SAKSOFT,non_fo,37.02,2.7
INE134B01017,KECL,non_fo,38.18,2.62
INE702C01027,APLAPOLLO,fo,22.57,4.43
INE715B01021,ANDHRSUGAR,non_fo,31.01,3.22
INE091G01026,JAIBALAJI,non_fo,37.22,2.69
INE805C01028,KCP,non_fo,33.92,2.95
INE660A01013,SUNDARMFIN,non_fo,32.71,3.06
INE715A01015,WHEELS,non_fo,31.47,3.18
INE668F01031,JYOTHYLAB,non_fo,30.63,3.26
INE094I01018,KOLTEPATIL,non_fo,33.39,2.99
INE738I01010,ECLERX,non_fo,33.71,2.97
INE763I01026,TARIL,non_categorized,50,2
INE791I01019,BRIGADE,non_fo,32.18,3.11
INE298I01015,ARIES,non_categorized,50,2
INE858B01029,ISGEC,non_fo,35.25,2.84
INE414A01015,MADRASFERT,non_fo,35.46,2.82
INE720A01015,KOTHARIPET,non_categorized,50,2
INE576I01022,JKIL,non_fo,32.81,3.05
INE809I01019,ONMOBILE,non_fo,37.65,2.66
INE634I01029,KNRCON,non_fo,32.08,3.12
INE615I01010,GLOBUSSPR,non_fo,35.58,2.81
INE821I01022,IRB,non_fo,33.42,2.99
INE964H01014,SEPC,non_fo,40.09,2.49
INE951I01027,VGUARD,non_fo,28.03,3.57
INE020B01018,RECLTD,fo,26.45,3.78
INE950I01011,DBCORP,non_fo,33.74,2.96
INE415I01015,KIRIINDUS,non_fo,36.79,2.72
INE998I01010,MHRIL,non_fo,29.62,3.38
INE949H01023,MANINFRA,non_fo,33.72,2.97
INE274J01014,OIL,fo,26.18,3.82
INE195J01029,PNCINFRA,non_fo,33.31,3
INE274G01010,DHANI,non_fo,42.27,2.37
INE274V01019,SHANKARA,non_fo,37.96,2.63
INE615H01020,TITAGARH,fo,29.96,3.34
INE917I01010,BAJAJ-AUTO,fo,20.95,4.77
INE342J01019,ZFCVINDIA,non_fo,31.07,3.22
INE683C01011,MAITHANALL,non_fo,31.74,3.15
INE918I01026,BAJAJFINSV,fo,20.02,5
INE105J01010,RPGLIFE,non_fo,35.12,2.85
INE236E01022,ELLEN,non_categorized,50,2
INE725E01024,ORISSAMINE,non_fo,35.05,2.85
INE675C01017,CIGNITITEC,non_fo,32.52,3.08
INE144J01027,20MICRONS,non_fo,38.65,2.59
INE837H01020,ADVENZYMES,non_fo,33.21,3.01
INE442H01029,ASHOKA,non_fo,35.09,2.85
INE325C01035,DOLLAR,non_fo,31.59,3.17
INE118H01025,BSE,fo,33.38,3
INE460H01021,STARCEMENT,non_fo,32.11,3.11
INE736A01011,CDSL,fo,26.8,3.73
INE427F01016,CHALET,non_fo,30.68,3.26
INE600K01018,GALAXYSURF,non_fo,29.29,3.41
INE382Z01011,GRSE,non_fo,43.03,2.32
INE484J01027,GODREJPROP,fo,25.61,3.9
INE517F01014,GPPL,non_fo,31.43,3.18
INE127D01025,HDFCAMC,fo,22.49,4.45
INE106T01025,HITECH,non_fo,34.92,2.86
INE335Y01020,IRCTC,fo,21.03,4.76
INE202E01016,IREDA,fo,28.44,3.52
INE121E01018,JSWENERGY,fo,26.45,3.78
INE255X01014,MSTCLTD,non_fo,36.31,2.75
INE002S01010,MGL,non_fo,31.94,3.13
INE490G01020,MOIL,non_fo,34.66,2.89
INE019J01013,SASTASUNDR,non_categorized,50,2
INE099Z01011,MIDHANI,non_fo,36.44,2.74
INE745G01035,MCX,fo,26.74,3.74
INE095N01031,NBCC,fo,28.96,3.45
INE415G01027,RVNL,fo,31.03,3.22
INE230R01035,RAMASTEEL,non_fo,37.07,2.7
INE874I01013,RAMKY,non_fo,37.19,2.69
INE976G01028,RBLBANK,fo,26.81,3.73
INE298J01013,NAM-INDIA,non_fo,33.48,2.99
INE612J01015,REPCOHOME,non_fo,32.68,3.06
INE320J01015,RITES,non_fo,35.79,2.79
INE212I01016,SPAL,non_fo,39.22,2.55
INE278H01035,SANDHAR,non_fo,34.21,2.92
INE597I01028,SHARDAMOTR,non_fo,36.6,2.73
INE734N01019,SNOWMAN,non_fo,34.66,2.89
INE020801028,SPENCERS,non_categorized,50,2
INE258G01013,SUMICHEM,non_fo,31.54,3.17
INE398R01022,SYNGENE,fo,21.68,4.61
INE094J01016,UTIAMC,non_fo,31.68,3.16
INE956G01038,WABAG,non_fo,35.41,2.82
INE200M01039,VBL,fo,23.74,4.21
INE366I01010,VRLLOG,non_fo,30.15,3.32
INE814H01011,ADANIPOWER,non_fo,34.77,2.88
INE732I01013,ANGELONE,fo,30.28,3.3
INE988S01028,PARKHOTELS,non_fo,33.95,2.95
INE121J01017,INDUSTOWER,fo,24.36,4.11
INE596I01012,CAMS,fo,25.36,3.94
INE935N01020,DIXON,fo,26.07,3.84
INE481Y01014,GICRE,non_fo,34.04,2.94
INE075I01017,HCG,non_fo,30.6,3.27
INE726G01019,ICICIPRULI,fo,20.09,4.98
INE262H01021,PERSISTENT,fo,24.69,4.05
INE647O01011,ABFRL,non_fo,32.54,3.07
INE285J01028,SIS,non_fo,28.56,3.5
INE010J01012,TEJASNET,non_fo,36.97,2.7
INE934S01014,GNA,non_fo,32.05,3.12
INE455K01017,POLYCAB,fo,24.79,4.03
INE123W01016,SBILIFE,fo,20,5
INE599M01018,JUSTDIAL,non_fo,33.06,3.02
INE0J1F01024,RPTECH,non_fo,31.42,3.18
INE916U01025,SFL,non_fo,28.48,3.51
INE893I01013,VASCONEQ,non_fo,38.3,2.61
INE540L01014,ALKEM,fo,20.04,4.99
INE563J01010,ASTEC,non_fo,36.38,2.75
INE411U01027,BAJAJHCARE,non_fo,39.08,2.56
INE171Z01026,BDL,fo,29.28,3.42
INE045J01026,FCL,non_fo,34.7,2.88
INE031A01017,HUDCO,fo,29.18,3.43
INE970X01018,LEMONTREE,non_fo,32.14,3.11
INE150G01020,LUXIND,non_fo,32.62,3.07
INE900L01010,MBAPL,non_categorized,50,2
INE842C01021,MINDACORP,non_fo,32.02,3.12
INE619B01017,NEWGEN,non_fo,39.85,2.51
INE811K01011,PRESTIGE,fo,26.84,3.73
INE573K01025,RUSHIL,non_categorized,50,2
INE953O01021,SANSERA,non_fo,29.9,3.34
INE665L01035,VARROC,non_fo,33.89,2.95
INE00LO01017,CRAFTSMAN,non_fo,32.91,3.04
INE797F01020,JUBLFOOD,fo,22.13,4.52
INE913H01037,ENDURANCE,non_fo,30.96,3.23
INE024L01027,GRAVITA,non_fo,38.08,2.63
INE982F01036,HATHWAY,non_fo,31.09,3.22
INE495S01016,HPL,non_fo,40.73,2.46
INE214T01019,LTIM,fo,21.49,4.65
INE848E01016,NHPC,fo,23.97,4.17
INE689W01016,PRINCEPIPE,non_fo,34.06,2.94
INE439E01022,SKIPPER,non_fo,39.47,2.53
INE053F01010,IRFC,fo,26.64,3.75
INE765G01017,ICICIGI,fo,20.04,4.99
INE470Y01017,NIACL,non_fo,37.11,2.69
INE795G01014,HDFCLIFE,fo,20,5
INE919H01018,IMFA,non_fo,34.95,2.86
INE572E01012,PNBHOUSING,fo,27.73,3.61
INE850D01014,GODREJAGRO,non_fo,30.65,3.26
INE608A01012,PSB,non_fo,37.07,2.7
INE766P01016,MAHLOG,non_fo,30.9,3.24
INE410P01011,NH,non_fo,30.31,3.3
INE893J01029,MOLDTKPAC,non_fo,30.11,3.32
INE600L01024,LALPATHLAB,non_fo,28.4,3.52
INE594H01019,THYROCARE,non_fo,33.78,2.96
INE526E01018,SHRIPISTON,non_fo,33.49,2.99
INE399K01017,RTNPOWER,non_fo,39.43,2.54
INE085J01014,THANGAMAYL,non_fo,35.68,2.8
INE947J01015,DEN,non_fo,32.82,3.05
INE417C01014,PILANIINVS,non_fo,33.99,2.94
INE522F01014,COALINDIA,fo,20.31,4.92
INE250K01012,DLINKINDIA,non_fo,36.09,2.77
INE670K01029,LODHA,fo,27.26,3.67
INE068L01024,CANTABIL,non_fo,34.56,2.89
INE879I01012,DBREALTY,non_fo,39.69,2.52
INE066F01020,HAL,fo,24.44,4.09
INE704P01025,COCHINSHIP,non_fo,38.65,2.59
INE249Z01020,MAZDOCK,fo,32.16,3.11
INE093I01010,OBEROIRLTY,fo,23.64,4.23
INE880L01014,KIOCL,non_fo,43.11,2.32
INE498L01015,LTF,fo,23.22,4.31
INE002L01015,SJVN,non_fo,34.46,2.9
INE933K01021,BAJAJCON,non_fo,32.05,3.12
INE572J01011,SPANDANA,non_fo,38.75,2.58
INE519C01017,SUMMITSEC,non_fo,37.17,2.69
INE560K01014,PFS,non_fo,35.6,2.81
INE209L01016,JWL,non_fo,37.81,2.64
INE878K01010,BFINVEST,non_fo,33.92,2.95
INE148I01020,SAMMAANCAP,fo,29.98,3.34
INE285K01026,TECHNOE,non_fo,37.28,2.68
INE500L01026,SHK,non_fo,36.44,2.74
INE999K01014,GREENPOWER,non_fo,35.71,2.8
INE029L01018,KICL,non_categorized,50,2
INE914M01019,ASTERDM,non_fo,30.86,3.24
INE390G01014,GPTINFRA,non_categorized,50,2
INE985S01024,TEAMLEASE,non_fo,29.91,3.34
INE324L01013,RPPINFRA,non_categorized,50,2
INE066O01014,WONDERLA,non_fo,30.84,3.24
INE895B01021,RUPA,non_fo,31.66,3.16
INE316L01019,BHARATWIRE,non_fo,39.56,2.53
INE414G01012,MUTHOOTFIN,fo,22.74,4.4
INE066P01011,INOXWIND,fo,30.85,3.24
INE741K01010,CREDITACC,non_fo,35.23,2.84
INE646L01027,INDIGO,fo,21.73,4.6
INE577L01016,STEL,non_categorized,50,2
INE406M01024,ERIS,non_fo,30.32,3.3
INE457L01029,PGEL,fo,35.92,2.78
INE021O01019,DODLA,non_fo,32.23,3.1
INE621L01012,TEXRAIL,non_fo,37.91,2.64
INE146L01010,KIRLOSENG,non_fo,34.65,2.89
INE306L01010,QUICKHEAL,non_fo,40.53,2.47
INE785M01021,PCJEWELLER,non_fo,41.46,2.41
INE760L01018,TBZ,non_categorized,50,2
INE00IN01015,STOVEKRAFT,non_fo,36.13,2.77
INE495P01012,BECTORFOOD,non_fo,32.48,3.08
INE694N01015,HERANBA,non_categorized,50,2
INE192R01011,DMART,fo,21.72,4.6
INE419M01027,TDPOWERSYS,non_fo,36.63,2.73
INE883N01014,PARAGMILK,non_fo,36.72,2.72
INE050M01012,VSSL,non_categorized,50,2
INE022Q01020,IEX,fo,31.22,3.2
INE901L01018,APLLTD,non_fo,31.87,3.14
INE202Z01029,SUNDARMHLD,non_fo,36.84,2.71
INE618R01015,SGFIN,non_fo,33.9,2.95
INE018E01016,SBICARD,fo,20.57,4.86
INE788J01021,SHIVALIK,non_categorized,50,2
INE371P01015,AMBER,fo,30.05,3.33
INE586V01016,TCIEXP,non_fo,29.79,3.36
INE152M01016,TRITURBINE,non_fo,36.88,2.71
INE463V01026,ANANDRATHI,non_fo,30.76,3.25
INE917M01012,DBL,non_fo,34.68,2.88
INE348L01012,MASFIN,non_fo,29.53,3.39
INE221J01015,SHARDACROP,non_fo,40.28,2.48
INE752H01013,CARERATING,non_fo,33.47,2.99
INE278M01019,NAVKARCORP,non_fo,41.15,2.43
INE034S01021,ARVSMART,non_fo,34.75,2.88
INE399L01023,ATGL,non_fo,35.57,2.81
INE382M01027,BARBEQUE,non_fo,33.08,3.02
INE618L01018,5PAISA,non_categorized,50,2
INE466L01038,360ONE,fo,26.59,3.76
INE00WC01027,AFFLE,non_fo,31.18,3.21
INE039O01029,JASH,non_fo,35.64,2.81
INE418L01021,NAZARA,non_fo,32.74,3.05
INE834M01019,RTNINDIA,non_fo,38.59,2.59
INE073V01015,COMSYN,non_categorized,50,2
INE743M01012,RHIM,non_fo,31.35,3.19
INE00FF01025,ACUTAAS,non_fo,35.64,2.81
INE02A801020,ROSSARI,non_fo,29.08,3.44
INE896L01010,INDOSTAR,non_fo,36.12,2.77
INE597J01018,SHALBY,non_fo,32.95,3.03
INE112L01020,METROPOLIS,non_fo,29.97,3.34
INE481N01025,HOMEFIRST,non_fo,34.03,2.94
INE195N01013,PROZONER,non_categorized,50,2
INE025R01021,ARTEMISMED,non_fo,33.89,2.95
INE299N01021,WAAREERTL,non_fo,41.57,2.41
INE665J01013,VMART,non_fo,31.75,3.15
INE391J01032,JTLIND,non_fo,37.96,2.63
INE121N01019,THEJO,non_categorized,50,2
INE836B01017,SATIN,non_fo,31.15,3.21
INE136S01016,NEOGEN,non_fo,35.64,2.81
INE674K01013,ABCAPITAL,fo,24.23,4.13
INE876N01018,ORIENTCEM,non_fo,33.6,2.98
INE206F01022,AIIL,non_fo,39.49,2.53
INE489L01022,IIFLCAPS,non_fo,40.99,2.44
INE596F01018,PTCIL,non_categorized,50,2
INE885H01029,SPORTKING,non_categorized,50,2
INE613C01026,MCLOUD,non_fo,42.08,2.38
INE498Q01014,VINCOFE,non_fo,36.32,2.75
INE844O01030,GUJGASLTD,non_fo,28.97,3.45
INE442P01014,SUYOG,non_categorized,50,2
INE211R01019,POWERMECH,non_fo,34.9,2.87
INE484I01029,PRECAM,non_fo,43,2.33
INE863T01013,JITFINFRA,non_categorized,50,2
INE950M01013,MONTECARLO,non_categorized,50,2
INE172N01012,IMAGICAA,non_fo,35.14,2.85
INE111Q01021,PDSL,non_fo,31.91,3.13
INE615P01015,QUESS,non_categorized,50,2
INE635Q01029,GULFOILLUB,non_fo,32.5,3.08
INE216P01012,AAVAS,non_fo,29.8,3.36
INE010V01017,LTTS,non_fo,28.87,3.46
INE830Q01018,MANAKCOAT,non_categorized,50,2
INE974X01010,TIINDIA,fo,25.29,3.95
INE244O01017,UNIPARTS,non_fo,30.31,3.3
INE712K01011,SHREEPUSHK,non_categorized,50,2
INE306R01017,INTELLECT,non_fo,36.91,2.71
INE947Q01028,LAURUSLABS,fo,24.25,4.12
INE931S01010,ADANIENSOL,fo,30.19,3.31
INE544R01021,GREENLAM,non_categorized,50,2
INE976R01025,AGIIL,non_fo,34.56,2.89
INE063P01018,EQUITASBNK,non_fo,31.11,3.21
INE450U01017,ROUTE,non_fo,29.61,3.38
INE393P01035,DIAMONDYD,non_fo,33.19,3.01
INE483S01020,INFIBEAM,non_fo,35.29,2.83
INE616Z01012,YASHO,non_categorized,50,2
INE898S01029,AURUM,non_categorized,50,2
INE01BK01022,AWHCL,non_fo,34.68,2.88
INE092T01019,IDFCFIRSTB,fo,21.86,4.57
INE545U01014,BANDHANBNK,fo,24.83,4.03
INE127T01021,KPEL,non_categorized,50,2
INE865T01018,PDMJEPAPER,non_categorized,50,2
INE314T01025,GOKULAGRO,non_fo,36.99,2.7
INE912T01018,RPEL,non_categorized,50,2
INE299U01018,CROMPTON,fo,21.61,4.63
INE153T01027,BLS,non_fo,34.71,2.88
INE093R01011,LLOYDSENGG,non_fo,40.15,2.49
INE583V01021,RADHIKAJWE,non_categorized,50,2
INE926X01010,HGINFRA,non_fo,33.43,2.99
INE679V01027,AVL,non_fo,37.23,2.69
INE046W01019,MUTHOOTMF,non_fo,32.08,3.12
INE488V01015,PSPPROJECT,non_fo,31.78,3.15
INE506W01012,KRISHANA,non_fo,34.77,2.88
INE726V01018,PRICOLLTD,non_fo,31.27,3.2
INE170V01027,SALASAR,non_fo,41.6,2.4
INE346W01013,APEX,non_categorized,50,2
INE358U01012,ZOTA,non_fo,36.79,2.72
INE264T01014,CAPACITE,non_fo,34.38,2.91
INE949L01017,AUBANK,fo,22.76,4.39
INE349W01017,AVADHSUGAR,non_fo,33.97,2.94
INE347W01011,MAGADSUGAR,non_categorized,50,2
INE782X01033,SERVOTECH,non_fo,38.93,2.57
INE932X01026,SHAREINDIA,non_fo,33.55,2.98
INE124Y01010,PASHUPATI,non_categorized,50,2
INE717W01049,GANDHAR,non_fo,29.94,3.34
INE551W01018,UJJIVANSFB,non_fo,32.29,3.1
INE219Y01018,RMDRIP,non_categorized,50,2
INE600Y01019,DYCL,non_fo,42.28,2.37
INE713T01028,APOLLO,non_fo,43.19,2.32
INE622W01025,ACMESOLAR,non_categorized,50,2
INE266Y01019,DPABHUSHAN,non_fo,31.93,3.13
INE142Z01019,ORIENTELEC,non_fo,30.41,3.29
INE686Y01026,FINEORG,non_fo,29.86,3.35
INE324X01026,SARVESHWAR,non_fo,36.04,2.77
INE792Z01011,SIRCA,non_fo,31.6,3.16
INE00EV01017,HARIOMPIPE,non_fo,37.39,2.67
INE364U01010,ADANIGREEN,fo,30.52,3.28
INE00VM01036,MANORAMA,non_fo,38.59,2.59
INE00QT01015,SGIL,non_categorized,50,2
INE624Z01016,SOLARA,non_categorized,50,2
INE933S01016,INDIAMART,non_fo,29.94,3.34
INE00S901012,NILASPACES,non_categorized,50,2
INE01EO01010,SPECTRUM,non_categorized,50,2
INE01IU01018,SKYGOLD,non_categorized,50,2
INE602W01027,SENCO,non_categorized,50,2
INE02WG01024,WEL,non_fo,40.35,2.48
INE00Y201027,FLAIR,non_fo,33.29,3
INE542W01025,KPIGREEN,non_categorized,50,2
INE00R701025,DALBHARAT,fo,20.65,4.84
INE294Z01018,ANUP,non_fo,36.85,2.71
INE955V01021,ARVINDFASN,non_fo,33.11,3.02
INE425Y01011,RPSGVENT,non_fo,36.28,2.76
INE04I401011,KPITTECH,fo,25.4,3.94
INE00M201021,SWSOLAR,non_categorized,50,2
INE04AK01028,SBC,non_fo,34.4,2.91
INE050001010,PPL,non_fo,35.8,2.79
INE08ZM01014,GREENPANEL,non_fo,34.47,2.9
INE679A01013,CSBBANK,non_fo,29.95,3.34
INE09N301011,FLUOROCHEM,non_fo,30.97,3.23
INE05AN01011,HINDWAREAP,non_fo,36.16,2.77
INE08U801020,SAMHI,non_fo,33.6,2.98
INE07T201019,RBA,non_fo,31.02,3.22
INE07O001026,EASEMYTRIP,non_fo,34.63,2.89
INE060901027,LIKHITHA,non_fo,34.09,2.93
INE07Y701011,POWERINDIA,non_fo,38.23,2.62
INE03QK01018,COHANCE,non_fo,32.46,3.08
INE07OG01012,NDRAUTO,non_categorized,50,2
INE0D6I01023,KSOLVES,non_categorized,50,2
INE0CG601016,MAXIND,non_categorized,50,2
INE02PY01013,BOROLTD,non_fo,32.23,3.1
INE0J1Y01017,LICI,fo,21.45,4.66
INE027H01010,MAXHEALTH,fo,24.49,4.08
INE419U01012,HAPPSTMNDS,non_fo,28.96,3.45
INE0D0K01022,SIGACHI,non_fo,39.88,2.51
INE0AJG01018,HEMIPROP,non_fo,35.54,2.81
INE068V01023,GLAND,non_fo,30.17,3.31
INE0CJD01011,KMEW,non_categorized,50,2
INE0EK901012,TARC,non_categorized,50,2
INE864I01014,MTARTECH,non_fo,33.67,2.97
INE09VQ01012,INDIGOPNTS,non_fo,29.18,3.43
INE930P01018,ANURAS,non_fo,28.44,3.52
INE0DD101019,RAILTEL,non_fo,38.21,2.62
INE0D6701023,IPL,non_fo,36.62,2.73
INE576O01020,LXCHEM,non_fo,34.32,2.91
INE045601023,PARAS,non_fo,39.79,2.51
INE303R01014,KALYANKJIL,fo,28.63,3.49
INE428Q01011,SURYODAY,non_fo,34.06,2.94
INE967H01025,KIMS,non_fo,29.25,3.42
INE810G01011,SHYAMMETL,non_fo,31.03,3.22
INE073K01018,SONACOMS,fo,24.44,4.09
INE0BY001018,JUBLINGREA,non_fo,34.78,2.88
INE645S01016,ROLEXRINGS,non_fo,31.06,3.22
INE0GK401011,TATVA,non_fo,35.65,2.81
INE953L01027,JSFB,non_fo,33.99,2.94
INE227W01023,CLEAN,non_fo,30.73,3.25
INE217L01019,SHRIRAMPPS,non_fo,36.61,2.73
INE201P01022,GRINFRA,non_fo,30.7,3.26
INE404A01024,ABSLAMC,non_fo,31.07,3.22
INE03Q201024,ALIVUS,non_fo,32.84,3.05
INE0FHS01024,DEEPINDS,non_fo,37.18,2.69
INE758T01015,ETERNAL,fo,26.59,3.76
INE118D01016,NUVOCO,non_fo,28.55,3.5
INE456Z01021,MEDIASSIST,non_fo,31.31,3.19
INE0H5O01029,WINDLAS,non_fo,37.08,2.7
INE872J01023,DEVYANI,non_fo,31.22,3.2
INE07RO01027,SUPRIYA,non_fo,36.45,2.74
INE852O01025,APTUS,non_fo,30.3,3.3
INE290S01011,CARTRADE,non_fo,39.17,2.55
INE08LI01020,KRSNAA,non_fo,32.28,3.1
INE043W01024,VIJAYA,non_fo,35.8,2.79
INE735W01017,UTKARSHBNK,non_fo,31.59,3.17
INE0HLU01028,MOBIKWIK,non_fo,38.56,2.59
INE982J01020,PAYTM,fo,30.42,3.29
INE850M01015,NORTHARC,non_fo,32.6,3.07
INE0FFK01017,NPST,non_fo,28.87,3.46
INE575P01011,STARHEALTH,non_fo,28.31,3.53
INE284S01014,SJS,non_fo,34.82,2.87
INE417T01026,POLICYBZR,fo,27.18,3.68
INE02NC01014,FINOPB,non_fo,37.27,2.68
INE388Y01029,NYKAA,fo,22.87,4.37
INE699H01024,AWL,non_fo,32.67,3.06
INE772T01024,PVSL,non_categorized,50,2
INE139R01012,FUSION,non_fo,37.16,2.69
INE144Z01023,TARSONS,non_categorized,50,2
INE806T01020,SAPPHIRE,non_fo,30.71,3.26
INE0HV901016,IXIGO,non_fo,36.12,2.77
INE071N01016,EPIGRAL,non_fo,36.27,2.76
INE925R01014,CMSINFO,non_fo,29.92,3.34
INE088F01024,PARADEEP,non_fo,38.48,2.6
INE0CT101020,MOL,non_fo,34.24,2.92
INE0BJS01011,GOCOLORS,non_fo,29.64,3.37
INE804L01022,MEDPLUS,non_fo,29.83,3.35
INE0CLI01024,RATEGAIN,non_fo,34.51,2.9
INE0HMF01019,TRACXN,non_categorized,50,2
INE011K01018,TEGA,non_fo,33.37,3
INE168P01015,EMCURE,non_fo,30.86,3.24
INE00F201020,PRUDENT,non_fo,38.87,2.57
INE317I01021,METROBRAND,non_fo,29.52,3.39
INE0BV301023,MAPMYINDIA,non_fo,31.46,3.18
INE668A01016,TMB,non_fo,26.5,3.77
INE825V01034,MANYAVAR,non_fo,30.21,3.31
INE02YR01019,EMIL,non_fo,36.82,2.72
INE0IX101010,DATAPATTNS,non_fo,38.93,2.57
INE377N01017,WAAREEENER,non_fo,35.89,2.79
INE00ZE01026,AFSL,non_categorized,50,2
INE474Q01031,MEDANTA,non_fo,30.38,3.29
INE0J5801029,JSLL,non_fo,26.88,3.72
INE855R01021,RADIANTCMS,non_categorized,50,2
INE486R01017,GPTHEALTH,non_fo,31.65,3.16
INE0I7C01011,LATENTVIEW,non_fo,30.76,3.25
INE646H01017,CAPITALSFB,non_categorized,50,2
INE148O01028,DELHIVERY,fo,24.1,4.15
INE0IQ001011,VERANDA,non_categorized,50,2
INE128S01021,FIVESTAR,non_fo,33.05,3.03
INE01QM01018,EMUDHRA,non_fo,33.06,3.02
INE050401020,ELIN,non_categorized,50,2
INE0DYJ01015,SYRMA,non_fo,37.31,2.68
INE673O01025,TBOTEK,non_fo,34.17,2.93
INE0JA001018,VENUSPIPES,non_fo,35.36,2.83
INE961O01016,RAINBOW,non_fo,30.56,3.27
INE278Y01022,CAMPUS,non_fo,30.9,3.24
INE004A01022,PROTEAN,non_fo,37.9,2.64
INE0BWX01014,AETHER,non_fo,29.28,3.42
INE0JPD01013,SANATHAN,non_fo,29.96,3.34
INE559R01029,LANDMARK,non_fo,34.19,2.92
INE04TZ01018,ETHOSLTD,non_fo,32.56,3.07
INE0JUS01029,HARSHA,non_fo,32,3.13
INE395N01027,TVSSCS,non_fo,32.6,3.07
INE007N01010,FEDFINA,non_fo,29.7,3.37
INE128X01021,ACI,non_fo,32.93,3.04
INE00E101023,BIKAJI,non_fo,31.46,3.18
INE843S01025,SURAJEST,non_fo,38.04,2.63
INE0KCE01017,EUREKAFORB,non_fo,31.11,3.21
INE079J01017,GATEWAY,non_fo,29.56,3.38
INE0CU601026,GMRP&UI,non_fo,37.99,2.63
INE0FS801015,MSUMI,non_fo,28.28,3.54
INE0JR601024,YATRA,non_categorized,50,2
INE0JO301016,YATHARTH,non_fo,32.69,3.06
INE138Y01010,KFINTECH,fo,30.31,3.3
INE0KL801015,DCXINDIA,non_fo,37.32,2.68
INE883F01010,AADHARHFC,non_fo,29.58,3.38
INE918Z01012,KAYNES,fo,30.05,3.33
INE263M01029,RUSTOMJEE,non_fo,29.34,3.41
INE552Z01027,ABDL,non_fo,31.65,3.16
INE0DUT01020,INNOVACAP,non_fo,33.62,2.97
INE037Z01029,CEWATER,non_fo,34.1,2.93
INE903U01023,SIGNATURE,non_fo,29.72,3.36
INE142Q01026,SULA,non_fo,30.59,3.27
INE0HR601026,DDEVPLSTIK,non_fo,39.7,2.52
INE438K01021,KALAMANDIR,non_fo,34.56,2.89
INE0LCL01028,AVALON,non_categorized,50,2
INE338H01029,CONCORDBIO,non_fo,35.28,2.83
INE03JT01014,GODIGIT,non_fo,30.56,3.27
INE0KBH01020,BLUEJET,non_categorized,50,2
INE0DK501011,PPLPHARMA,fo,26.71,3.74
INE0KNT01012,MVGJL,non_fo,38.25,2.61
INE634S01028,MANKIND,fo,22.39,4.47
INE753U01022,DIVGIITTS,non_categorized,50,2
INE0LLY01014,EIEL,non_fo,36.14,2.77
INE0FRK01020,MOTISONS,non_fo,38.03,2.63
INE0LOJ01019,IKIO,non_fo,36.28,2.76
INE0N7W01012,BLAL,non_fo,32.6,3.07
INE0LRU01027,AARTIPHARM,non_fo,36.02,2.78
INE0NNS01018,NSLNISP,non_fo,34.94,2.86
INE423Y01016,SBFC,non_fo,31.18,3.21
INE07U701015,IRMENERGY,non_fo,32.69,3.06
INE065X01017,INDGN,non_fo,31.31,3.19
INE07K301024,ZAGGLE,non_categorized,50,2
INE0J5401028,HONASA,non_fo,35.76,2.8
INE0MB501011,JGCHEM,non_fo,37.56,2.66
INE055S01018,CYIENTDLM,non_fo,32.63,3.06
INE05CZ01011,RATNAVEER,non_fo,36.92,2.71
INE349Y01013,IDEAFORGE,non_fo,38.68,2.59
INE142M01025,TATATECH,fo,20.7,4.83
INE0NT901020,NETWEB,non_fo,40.6,2.46
INE851I01011,UDS,non_fo,32.94,3.04
INE024001021,AEROFLEX,non_fo,37.23,2.69
INE0OV601013,EMSLIMITED,non_fo,35,2.86
INE0PB301013,SCILAL,non_fo,33.26,3.01
INE0AE001013,VPRPL,non_fo,37.24,2.69
INE777K01022,RRKABEL,non_fo,32.42,3.08
INE880J01026,JSWINFRA,non_fo,31.25,3.2
INE682M01012,JLHL,non_fo,28.13,3.55
INE0CJF01024,WCIL,non_fo,31.29,3.2
INE491J01022,ASKAUTOLTD,non_categorized,50,2
INE0PT501018,PLATIND,non_fo,37.03,2.7
INE220Q01020,MUFTI,non_categorized,50,2
INE342G01023,NIITMTS,non_fo,31.09,3.22
INE922K01024,INDIASHLTR,non_fo,29.7,3.37
INE0LXT01019,REDTAPE,non_fo,33.75,2.96
INE0G5901015,EPACK,non_categorized,50,2
INE330T01021,HAPPYFORGE,non_fo,27.45,3.64
INE0LMW01024,CELLO,non_fo,28.81,3.47
INE758E01017,JIOFIN,fo,22.87,4.37
INE321T01012,DOMS,non_fo,32.79,3.05
INE616N01034,INOXINDIA,non_fo,29.51,3.39
INE0QRL01017,ARKADE,non_fo,32.28,3.1
INE980O01024,JYOTICNC,non_fo,36.25,2.76
INE01A001028,STANLEY,non_fo,30.52,3.28
INE010601016,ENTERO,non_fo,32.78,3.05
INE531F01015,NUVAMA,fo,28.99,3.45
INE841L01016,DEEDEV,non_categorized,50,2
INE622H01018,INDOFARM,non_categorized,50,2
INE696F01016,JUNIPER,non_fo,32.32,3.09
INE777F01014,EXICOM,non_categorized,50,2
INE02IJ01035,AZAD,non_fo,34.67,2.88
INE0R6Z01013,SRM,non_categorized,50,2
INE0QN801017,KRYSTAL,non_categorized,50,2
INE03EI01018,MAXESTATES,non_fo,34.83,2.87
INE0L9R01028,GOPAL,non_fo,31.89,3.14
INE0ATZ01017,KRONOX,non_categorized,50,2
INE0O6601022,KROSS,non_fo,34.3,2.92
INE0R4L01018,DENTA,non_fo,34.53,2.9
INE108V01019,AWFIS,non_fo,32.42,3.08
INE0Q3R01026,SUNCLAY,non_fo,33.85,2.95
INE184O01015,DIFFNKG,non_categorized,50,2
INE02RE01045,FIRSTCRY,non_fo,36.9,2.71
INE08NE01025,SANSTAR,non_fo,32.14,3.11
INE00U401027,UNIECOM,non_fo,34.28,2.92
INE0Q3J01015,KRN,non_fo,37.02,2.7
INE0B9K01025,BANSALWIRE,non_fo,29.63,3.37
INE343G01021,BHARTIHEXA,non_fo,31.79,3.15
INE0JVO01026,GARUDA,non_fo,40.59,2.46
INE0KGZ01021,SIGNPOST,non_categorized,50,2
INE09XN01023,AKUMS,non_fo,32.02,3.12
INE0RE001014,GALAPREC,non_fo,36.34,2.75
INE0RWQ01014,TOLINS,non_categorized,50,2
INE0PPK01015,ORIENTTECH,non_categorized,50,2
INE0AG901020,CEIGALL,non_fo,29.43,3.4
INE939X01013,MANBA,non_categorized,50,2
INE454P01035,TRANSRAILL,non_fo,33.68,2.97
INE01FR01028,STYLEBAAZA,non_fo,36.81,2.72
INE953R01016,PNGJL,non_fo,30.67,3.26
INE0S4R01014,CRIZAC,non_fo,26.66,3.75
INE06HJ01020,ECOSMOBLTY,non_fo,37.08,2.7
INE101I01011,AFCONS,non_fo,28.93,3.46
INE0BS701011,PREMIERENE,non_fo,33.93,2.95
INE02L001032,BOROSCI,non_categorized,50,2
INE377Y01014,BAJAJHFL,non_fo,27.71,3.61
INE0LRY01011,QUADFUTURE,non_fo,40.11,2.49
INE0V6F01027,HYUNDAI,non_fo,28,3.57
INE0TO701015,MAMATA,non_fo,37.38,2.68
INE995S01015,NIVABUPA,non_fo,31.74,3.15
INE0W2G01015,SAGILITY,non_categorized,50,2
INE0UIZ01018,BLACKBUCK,non_categorized,50,2
INE570L01029,SAILIFE,non_fo,31.66,3.16
INE0RB801010,SENORES,non_fo,33.74,2.96
INE0H9P01028,ARISINFRA,non_fo,27.07,3.69
INE115Q01022,IKS,non_fo,31.05,3.22
INE227J01012,KALPATARU,non_fo,26.5,3.77
INE718I01012,JSWCEMENT,non_fo,26.5,3.77
INE0NAZ01010,SMARTWORKS,non_fo,26.5,3.77
INE0Q9301021,IGIL,non_categorized,50,2
INE0V7W01012,CARRARO,non_fo,36.44,2.74
INE02ID01020,RAYMONDLSL,non_fo,34.68,2.88
INE284H01025,DAMCAPITAL,non_fo,33.38,3
INE0LEZ01016,ATHERENERG,non_fo,29.05,3.44
INE781S01027,VENTIVE,non_categorized,50,2
INE0UOS01011,SANOFICONR,non_fo,27.25,3.67
INE0WO601020,LAXMIDENTL,non_fo,31.88,3.14
INE0SII01026,QPOWER,non_fo,37.37,2.68
INE0BYP01024,OSWALPUMPS,non_fo,26.5,3.77
INE0ONG01011,NTPCGREEN,non_fo,28.7,3.48
INE0AQ201015,THELEELA,non_fo,26.5,3.77
INE08N601015,MBEL,non_fo,26.5,3.77
INE05J901018,IGCL,non_categorized,50,2
INE943P01029,AGARWALEYE,non_fo,26.98,3.71
INE0BX301013,PROSTARM,non_categorized,50,2
INE0GV601021,ALLTIME,non_fo,26.5,3.77
INE274Y01021,AJAXENGG,non_fo,28.14,3.55
INE819V01029,CPPLUS,non_fo,26.5,3.77
INE12NJ01018,SAMBHV,non_fo,27.16,3.68
INE090501011,SCODATUBES,non_categorized,50,2
INE00H001014,SWIGGY,non_fo,33.36,3
INE01EA01019,VMM,non_fo,28.9,3.46
INE03NU01014,BRIGHOTEL,non_fo,26.5,3.77
INE756I01012,HDBFS,non_fo,26.5,3.77
INE16SF01016,BORANA,non_categorized,50,2
INE0INX01018,AEGISVOPAK,non_fo,26.5,3.77
INE894V01022,BELRISE,non_fo,27.47,3.64
INE0OJW01016,ROSSTECH,non_categorized,50,2
INE103V01028,TRAVELFOOD,non_fo,26.5,3.77
INE18JU01028,EBGNG,non_fo,26.5,3.77
INE06WU01026,LAXMIINDIA,non_fo,31.47,3.18
INE06ST01018,INDIQUBE,non_fo,26.5,3.77
INE0V9Q01010,LOTUSDEV,non_fo,26.5,3.77
INE0CZ201020,ANTHEM,non_fo,26.5,3.77
INE06ZD01017,SHANTIGOLD,non_fo,26.5,3.77
INE013P01021,ONESOURCE,non_fo,30.78,3.25
INE379A01028,ITCHOTELS,non_fo,27.7,3.61
INE0I0M01023,PRABHA,non_categorized,50,2
INE0U4101014,BLUSPRING,non_categorized,50,2
INE0U4701011,DIGITIDE,non_fo,27.98,3.57
INE1NPP01017,ENRIN,non_fo,26.5,3.77
INE14LE01019,ABLBL,non_fo,26.5,3.77
INE1SY401010,RAYMONDREL,non_categorized,50,2
INF789F1AUX7,GOLDSHARE,etf,26.5,3.77
INF174KA1HJ8,GOLD1,etf,26.5,3.77
INF732E01045,JUNIORBEES,etf,20,5
INF204KB15I9,BANKBEES,etf,26.5,3.77
INF204KB16I7,PSUBNKBEES,etf,27.06,3.7
INF346A01034,SENSEXIETF,etf,20,5
INF200KA16D8,SETFGOLD,etf,26.5,3.77
INF204KB17I5,GOLDBEES,etf,26.5,3.77
INF204KB14I2,NIFTYBEES,etf,20,5
INF174K014P6,NIFTY1,etf,20,5
INF179KC1981,HDFCGOLD,etf,26.5,3.77
INF247L01AP3,MON100,etf,20,5
INF209KB19D1,BSLNIFTY,etf,20,5
INF846K01W80,AXISGOLD,etf,26.5,3.77
INF109K012R6,NIFTYIETF,etf,20,5
INF457M01133,CPSEETF,etf,26.5,3.77
INF204KA1LD7,CONSUMBEES,etf,26.5,3.77
INF174K01F59,BANKNIFTY1,etf,26.5,3.77
INF767K01MV5,LICNETFGSC,etf,20,5
INF200KA1598,SETFNN50,etf,20,5
INF200KA1580,SETFNIFBK,etf,26.5,3.77
INF200KA1FS1,SETFNIF50,etf,20,5
INF789FB1X58,UTISENSETF,etf,20,5
INF179KC1965,HDFCNIFTY,etf,20,5
INF200KA1JT1,SETF10GILT,etf,20,5
INF109KC19U5,LOWVOLIETF,etf,20,5
INF109KB15Y7,ICICIB22,etf,26.5,3.77
INF109KC1V59,BSE500IETF,etf,20,5
INF109KC1NT3,GOLDIETF,etf,26.5,3.77
INF109KC1NS5,NEXT50IETF,etf,20,5
INF769K01EG9,NIFTYETF,etf,20,5
INF204KB1V68,MID150BEES,etf,20,5
INF109KC15I8,BANKIETF,etf,26.5,3.77
INF109KC18U7,PVTBANIETF,etf,26.5,3.77
INF209KB17D5,ABSLBANETF,etf,26.5,3.77
INF754K01KO2,EBBETF0430,etf,26.5,3.77
INF109KC11W8,MIDCAPIETF,etf,20,5
INF204KB15V2,ITBEES,etf,26.5,3.77
INF754K01LE1,EBBETF0431,etf,26.5,3.77
INF109KC17V7,ALPL30IETF,etf,20,5
INF109KC16I6,ITIETF,etf,26.5,3.77
INF789F1AUV1,UTIBANKETF,etf,26.5,3.77
INF204KC1022,SDL26BEES,etf,20,5
INF204KC1089,PHARMABEES,etf,26.5,3.77
INF109KC19V3,FMCGIETF,etf,26.5,3.77
INF754K01OB1,BBETF0432,etf,26.5,3.77
INF174KA1IA5,ALPHA,etf,20,5
INF109KC10V2,AUTOIETF,etf,26.5,3.77
INF204KC1337,AUTOBEES,etf,26.5,3.77
INF109KC1Y56,SILVERIETF,etf,26.5,3.77
INF204KC1402,SILVERBEES,etf,26.5,3.77
INF769K01IC9,MIDCAPETF,etf,20,5
INF109KC17C7,MOM30IETF,etf,20,5
INF179KC1DI2,HDFCSILVER,etf,26.5,3.77
INF846K011K1,AXISILVER,etf,26.5,3.77
INF174KA1KU9,SILVER1,etf,26.5,3.77
INF754K01QX0,EBBETF0433,etf,26.5,3.77
INF179KC1FB2,HDFCSML250,etf,20,5
INF769K01JP9,GOLDETF,etf,26.5,3.77
INF789F1AYK6,SILVERETF,etf,26.5,3.77
INF769K01KG6,SILVERAG,etf,26.5,3.77
INF769K01KV5,ITETF,etf,26.5,3.77
INF754K01SE6,EGOLD,etf,26.5,3.77
INF769K01LC3,SMALLCAP,etf,20,5
INF0R8F01042,GOLDCASE,etf,26.5,3.77
INF769K01LJ8,MIDSMALL,etf,20,5
INF200KB1217,SBISILVER,etf,26.5,3.77
INF769K01LQ3,EVINDIA,etf,26.5,3.77
INF109KC18W3,OILIETF,etf,26.5,3.77
INF109KC19W1,METALIETF,etf,26.5,3.77
INF740KA1UR9,TOP10ADD,etf,26.5,3.77
INF109K1A021,CASHIETF,etf,20,5
INF1J2R01056,AONELIQUID,etf,20,5